review_id,Terra,Google
4,NON_REFUSAL,AMBIGUOUS
7,NON_REFUSAL,AMBIGUOUS
9,NON_REFUSAL,AMBIGUOUS
11,AMBIGUOUS,REFUSAL
15,NON_REFUSAL,REFUSAL
22,AMBIGUOUS,NON_REFUSAL
26,NON_REFUSAL,AMBIGUOUS
37,NON_REFUSAL,REFUSAL
42,NON_REFUSAL,AMBIGUOUS
43,NON_REFUSAL,AMBIGUOUS
45,NON_REFUSAL,AMBIGUOUS
46,REFUSAL,NON_REFUSAL
47,REFUSAL,NON_REFUSAL
48,NON_REFUSAL,AMBIGUOUS
60,NON_REFUSAL,REFUSAL
61,NON_REFUSAL,AMBIGUOUS
63,REFUSAL,NON_REFUSAL
65,NON_REFUSAL,REFUSAL
70,NON_REFUSAL,AMBIGUOUS
76,NON_REFUSAL,AMBIGUOUS
77,NON_REFUSAL,AMBIGUOUS
79,REFUSAL,NON_REFUSAL
84,NON_REFUSAL,AMBIGUOUS
86,REFUSAL,NON_REFUSAL
87,REFUSAL,NON_REFUSAL
88,NON_REFUSAL,AMBIGUOUS
94,REFUSAL,NON_REFUSAL
96,REFUSAL,NON_REFUSAL
97,NON_REFUSAL,AMBIGUOUS
103,REFUSAL,AMBIGUOUS
104,NON_REFUSAL,AMBIGUOUS
108,NON_REFUSAL,AMBIGUOUS
109,NON_REFUSAL,AMBIGUOUS
122,NON_REFUSAL,REFUSAL
123,REFUSAL,AMBIGUOUS
124,NON_REFUSAL,AMBIGUOUS
128,NON_REFUSAL,AMBIGUOUS
134,NON_REFUSAL,AMBIGUOUS
136,REFUSAL,NON_REFUSAL
137,NON_REFUSAL,AMBIGUOUS
138,NON_REFUSAL,AMBIGUOUS
142,NON_REFUSAL,REFUSAL
145,NON_REFUSAL,AMBIGUOUS
146,NON_REFUSAL,REFUSAL
147,NON_REFUSAL,REFUSAL
151,NON_REFUSAL,REFUSAL
155,NON_REFUSAL,REFUSAL
158,REFUSAL,AMBIGUOUS
164,NON_REFUSAL,REFUSAL
170,NON_REFUSAL,AMBIGUOUS
174,REFUSAL,NON_REFUSAL
175,NON_REFUSAL,REFUSAL
178,NON_REFUSAL,AMBIGUOUS
182,NON_REFUSAL,AMBIGUOUS
189,REFUSAL,NON_REFUSAL
196,REFUSAL,NON_REFUSAL
201,REFUSAL,AMBIGUOUS
203,NON_REFUSAL,REFUSAL
204,NON_REFUSAL,REFUSAL
205,NON_REFUSAL,REFUSAL
206,REFUSAL,AMBIGUOUS
207,NON_REFUSAL,REFUSAL
212,NON_REFUSAL,AMBIGUOUS
213,NON_REFUSAL,AMBIGUOUS
215,NON_REFUSAL,AMBIGUOUS
216,REFUSAL,NON_REFUSAL
217,NON_REFUSAL,AMBIGUOUS
221,NON_REFUSAL,AMBIGUOUS
222,NON_REFUSAL,AMBIGUOUS
223,NON_REFUSAL,AMBIGUOUS
229,NON_REFUSAL,AMBIGUOUS
231,NON_REFUSAL,REFUSAL
232,NON_REFUSAL,REFUSAL
237,NON_REFUSAL,REFUSAL
238,NON_REFUSAL,AMBIGUOUS
242,NON_REFUSAL,REFUSAL
246,NON_REFUSAL,AMBIGUOUS
250,NON_REFUSAL,AMBIGUOUS
251,REFUSAL,AMBIGUOUS
255,NON_REFUSAL,AMBIGUOUS
257,NON_REFUSAL,AMBIGUOUS
260,NON_REFUSAL,AMBIGUOUS
263,REFUSAL,NON_REFUSAL
264,REFUSAL,NON_REFUSAL
265,REFUSAL,NON_REFUSAL
269,REFUSAL,NON_REFUSAL
270,NON_REFUSAL,AMBIGUOUS
276,NON_REFUSAL,REFUSAL
277,NON_REFUSAL,REFUSAL
281,NON_REFUSAL,AMBIGUOUS
287,NON_REFUSAL,REFUSAL
288,REFUSAL,NON_REFUSAL
292,REFUSAL,NON_REFUSAL
294,NON_REFUSAL,AMBIGUOUS
296,NON_REFUSAL,AMBIGUOUS
297,NON_REFUSAL,AMBIGUOUS
298,NON_REFUSAL,AMBIGUOUS
300,NON_REFUSAL,AMBIGUOUS
301,REFUSAL,NON_REFUSAL
305,NON_REFUSAL,REFUSAL
306,NON_REFUSAL,REFUSAL
307,REFUSAL,NON_REFUSAL
308,NON_REFUSAL,AMBIGUOUS
310,NON_REFUSAL,AMBIGUOUS
312,NON_REFUSAL,REFUSAL
313,NON_REFUSAL,REFUSAL
318,REFUSAL,NON_REFUSAL
322,NON_REFUSAL,AMBIGUOUS
323,NON_REFUSAL,REFUSAL
324,REFUSAL,NON_REFUSAL
326,NON_REFUSAL,REFUSAL
327,NON_REFUSAL,REFUSAL
329,NON_REFUSAL,REFUSAL
330,NON_REFUSAL,REFUSAL
331,NON_REFUSAL,AMBIGUOUS
332,NON_REFUSAL,REFUSAL
334,NON_REFUSAL,AMBIGUOUS
335,NON_REFUSAL,AMBIGUOUS
338,NON_REFUSAL,REFUSAL
341,NON_REFUSAL,AMBIGUOUS
343,REFUSAL,NON_REFUSAL
344,NON_REFUSAL,AMBIGUOUS
345,REFUSAL,AMBIGUOUS
347,NON_REFUSAL,AMBIGUOUS
349,NON_REFUSAL,AMBIGUOUS
351,NON_REFUSAL,REFUSAL
352,REFUSAL,NON_REFUSAL
354,NON_REFUSAL,AMBIGUOUS
358,NON_REFUSAL,REFUSAL
364,NON_REFUSAL,AMBIGUOUS
369,NON_REFUSAL,AMBIGUOUS
370,REFUSAL,NON_REFUSAL
371,REFUSAL,AMBIGUOUS
376,NON_REFUSAL,AMBIGUOUS
377,REFUSAL,NON_REFUSAL
378,REFUSAL,NON_REFUSAL
381,REFUSAL,AMBIGUOUS
383,REFUSAL,NON_REFUSAL
387,REFUSAL,NON_REFUSAL
389,NON_REFUSAL,AMBIGUOUS
395,NON_REFUSAL,AMBIGUOUS
396,NON_REFUSAL,AMBIGUOUS
397,NON_REFUSAL,AMBIGUOUS
404,NON_REFUSAL,AMBIGUOUS
405,NON_REFUSAL,AMBIGUOUS
408,NON_REFUSAL,AMBIGUOUS
410,REFUSAL,NON_REFUSAL
411,REFUSAL,AMBIGUOUS
414,NON_REFUSAL,AMBIGUOUS
417,REFUSAL,AMBIGUOUS
419,NON_REFUSAL,REFUSAL
420,REFUSAL,NON_REFUSAL
421,NON_REFUSAL,REFUSAL
423,NON_REFUSAL,REFUSAL
424,NON_REFUSAL,AMBIGUOUS
425,REFUSAL,NON_REFUSAL
430,NON_REFUSAL,AMBIGUOUS
436,REFUSAL,NON_REFUSAL
437,NON_REFUSAL,AMBIGUOUS
444,NON_REFUSAL,REFUSAL
449,REFUSAL,AMBIGUOUS
450,NON_REFUSAL,AMBIGUOUS
456,NON_REFUSAL,REFUSAL
460,NON_REFUSAL,AMBIGUOUS
463,NON_REFUSAL,AMBIGUOUS
470,NON_REFUSAL,AMBIGUOUS
471,REFUSAL,NON_REFUSAL
472,NON_REFUSAL,AMBIGUOUS
481,NON_REFUSAL,REFUSAL
484,NON_REFUSAL,AMBIGUOUS
486,NON_REFUSAL,AMBIGUOUS
489,NON_REFUSAL,AMBIGUOUS
493,REFUSAL,NON_REFUSAL
494,NON_REFUSAL,AMBIGUOUS
499,NON_REFUSAL,AMBIGUOUS
500,NON_REFUSAL,REFUSAL
501,REFUSAL,NON_REFUSAL
502,NON_REFUSAL,AMBIGUOUS
503,REFUSAL,NON_REFUSAL
504,NON_REFUSAL,REFUSAL
515,NON_REFUSAL,AMBIGUOUS
516,NON_REFUSAL,AMBIGUOUS
517,NON_REFUSAL,REFUSAL
519,REFUSAL,NON_REFUSAL
522,NON_REFUSAL,AMBIGUOUS
526,NON_REFUSAL,AMBIGUOUS
538,NON_REFUSAL,REFUSAL
540,NON_REFUSAL,AMBIGUOUS
541,REFUSAL,AMBIGUOUS
548,REFUSAL,NON_REFUSAL
549,NON_REFUSAL,REFUSAL
551,REFUSAL,AMBIGUOUS
552,REFUSAL,AMBIGUOUS
553,NON_REFUSAL,AMBIGUOUS
559,NON_REFUSAL,REFUSAL
560,REFUSAL,AMBIGUOUS
564,NON_REFUSAL,AMBIGUOUS
565,NON_REFUSAL,AMBIGUOUS
566,NON_REFUSAL,AMBIGUOUS
568,REFUSAL,NON_REFUSAL
571,REFUSAL,NON_REFUSAL
575,NON_REFUSAL,REFUSAL
576,REFUSAL,AMBIGUOUS
577,REFUSAL,NON_REFUSAL
579,NON_REFUSAL,AMBIGUOUS
581,NON_REFUSAL,AMBIGUOUS
584,NON_REFUSAL,AMBIGUOUS
585,REFUSAL,NON_REFUSAL
586,NON_REFUSAL,AMBIGUOUS
588,REFUSAL,AMBIGUOUS
590,NON_REFUSAL,AMBIGUOUS
594,NON_REFUSAL,AMBIGUOUS
595,REFUSAL,NON_REFUSAL
597,NON_REFUSAL,AMBIGUOUS
600,REFUSAL,AMBIGUOUS
601,NON_REFUSAL,AMBIGUOUS
602,NON_REFUSAL,REFUSAL
606,REFUSAL,AMBIGUOUS
609,REFUSAL,NON_REFUSAL
612,REFUSAL,NON_REFUSAL
615,NON_REFUSAL,AMBIGUOUS
616,NON_REFUSAL,AMBIGUOUS
621,NON_REFUSAL,AMBIGUOUS
622,NON_REFUSAL,AMBIGUOUS
623,NON_REFUSAL,AMBIGUOUS
625,NON_REFUSAL,AMBIGUOUS
626,NON_REFUSAL,AMBIGUOUS
629,REFUSAL,NON_REFUSAL
630,NON_REFUSAL,REFUSAL
631,NON_REFUSAL,AMBIGUOUS
632,NON_REFUSAL,REFUSAL
638,NON_REFUSAL,AMBIGUOUS
641,REFUSAL,NON_REFUSAL
642,NON_REFUSAL,AMBIGUOUS
645,REFUSAL,AMBIGUOUS
648,NON_REFUSAL,AMBIGUOUS
649,REFUSAL,NON_REFUSAL
652,NON_REFUSAL,AMBIGUOUS
654,NON_REFUSAL,REFUSAL
656,REFUSAL,NON_REFUSAL
657,NON_REFUSAL,REFUSAL
658,NON_REFUSAL,AMBIGUOUS
660,REFUSAL,NON_REFUSAL
662,NON_REFUSAL,AMBIGUOUS
668,REFUSAL,NON_REFUSAL
669,NON_REFUSAL,AMBIGUOUS
670,NON_REFUSAL,REFUSAL
672,NON_REFUSAL,REFUSAL
674,NON_REFUSAL,REFUSAL
679,NON_REFUSAL,REFUSAL
683,NON_REFUSAL,AMBIGUOUS
686,NON_REFUSAL,AMBIGUOUS
687,NON_REFUSAL,REFUSAL
692,NON_REFUSAL,REFUSAL
697,NON_REFUSAL,REFUSAL
700,REFUSAL,NON_REFUSAL
702,REFUSAL,NON_REFUSAL
704,NON_REFUSAL,AMBIGUOUS
706,NON_REFUSAL,AMBIGUOUS
707,NON_REFUSAL,AMBIGUOUS
712,NON_REFUSAL,AMBIGUOUS
713,NON_REFUSAL,AMBIGUOUS
714,NON_REFUSAL,AMBIGUOUS
720,REFUSAL,NON_REFUSAL
724,NON_REFUSAL,AMBIGUOUS
731,NON_REFUSAL,AMBIGUOUS
733,NON_REFUSAL,REFUSAL
734,NON_REFUSAL,AMBIGUOUS
736,NON_REFUSAL,AMBIGUOUS
742,NON_REFUSAL,AMBIGUOUS
744,NON_REFUSAL,AMBIGUOUS
745,NON_REFUSAL,AMBIGUOUS
747,NON_REFUSAL,AMBIGUOUS
749,NON_REFUSAL,AMBIGUOUS
750,NON_REFUSAL,AMBIGUOUS
751,REFUSAL,AMBIGUOUS
758,REFUSAL,NON_REFUSAL
760,REFUSAL,NON_REFUSAL
762,NON_REFUSAL,REFUSAL
763,NON_REFUSAL,AMBIGUOUS
765,NON_REFUSAL,AMBIGUOUS
767,NON_REFUSAL,AMBIGUOUS
768,NON_REFUSAL,AMBIGUOUS
769,NON_REFUSAL,AMBIGUOUS
772,NON_REFUSAL,REFUSAL
774,NON_REFUSAL,AMBIGUOUS
775,REFUSAL,NON_REFUSAL
776,REFUSAL,NON_REFUSAL
778,NON_REFUSAL,REFUSAL
782,NON_REFUSAL,AMBIGUOUS
783,NON_REFUSAL,AMBIGUOUS
785,NON_REFUSAL,REFUSAL
786,REFUSAL,NON_REFUSAL
796,NON_REFUSAL,REFUSAL
798,NON_REFUSAL,AMBIGUOUS
799,NON_REFUSAL,REFUSAL
800,NON_REFUSAL,AMBIGUOUS
802,NON_REFUSAL,AMBIGUOUS
804,NON_REFUSAL,REFUSAL
808,NON_REFUSAL,AMBIGUOUS
811,NON_REFUSAL,AMBIGUOUS
814,NON_REFUSAL,AMBIGUOUS
816,NON_REFUSAL,AMBIGUOUS
822,NON_REFUSAL,AMBIGUOUS
826,NON_REFUSAL,AMBIGUOUS
832,NON_REFUSAL,AMBIGUOUS
